<?xml version="1.0" encoding="utf-8"?>
<Configuration xmlns:xsd="http://www.w3.org/2001/XMLSchema" xmlns:xsi="http://www.w3.org/2001/XMLSchema-instance">
	<Meta>
		<PreferUserConfiguration>false</PreferUserConfiguration>
		<OmitItemsWithDefaultValues>true</OmitItemsWithDefaultValues>
		<DpiFactorX>1.5</DpiFactorX>
		<DpiFactorY>1.5</DpiFactorY>
	</Meta>
	<Application>
		<LastUpdateCheck>2023-05-03T01:54:21Z</LastUpdateCheck>
		<RememberWorkingDirectories>false</RememberWorkingDirectories>
		<WorkingDirectories />
		<Start>
			<CheckForUpdate>true</CheckForUpdate>
			<CheckForUpdateConfigured>true</CheckForUpdateConfigured>
		</Start>
		<FileOpening />
		<FileTxExtra>true</FileTxExtra>
		<AutoSaveAfterEntryEdit>true</AutoSaveAfterEntryEdit>
		<FileClosing>
			<AutoSave>true</AutoSave>
		</FileClosing>
		<TriggerSystem>
			<Triggers />
		</TriggerSystem>
		<PluginCompatibility>
			<Item>@6Vm7ttoxwNy+KCnl/LQkKiKfM1yFzCZYrIh31fNq0o0=@2.53.1.20815@1</Item>
			<Item>@LITLZqD2zdVTE+uPsDspmpYp2wvNqA1DMvFhbUDEEN0=@2.53.1.20815@1</Item>
			<Item>@EMWpqPE0B/e9EskN5D/5GLdHhkyljDsbLpEUpl/bwfE=@2.53.1.20815@1</Item>
			<Item>@rrDzAAXUeqtBINZfLr88f0IqXK2rJsaUvxEkfHo3QUw=@2.53.1.20815@1</Item>
			<Item>@pPkCea2emtCLrGWfnL09l/L3LF4gj+tVM5qQMl1o+ek=@2.53.1.20815@1</Item>
			<Item>@jptlfOIhGM0uDPhZRReuRdl1jMfQKMaYVKjVfE1qc/U=@2.53.1.20815@1</Item>
			<Item>@8Zt6TuaId/bn0vEetzqe8hDk/jEFMjbO+M9i7EhXpGs=@2.53.1.20815@1</Item>
			<Item>@g9uFmK/VlUc7jW8OqMJ5TApn6N7DCVju9BXQY8DwqoM=@2.53.1.20815@1</Item>
			<Item>@gx9klh861YCop/8s2Rp+tWUjcCyyxqKoddNSCs+9Y60=@2.53.1.20815@1</Item>
		</PluginCompatibility>
	</Application>
	<Logging />
	<MainWindow>
		<X>698</X>
		<Y>455</Y>
		<Width>1003</Width>
		<Height>711</Height>
		<Maximized>true</Maximized>
		<SplitterHorizontalFrac>0.8333</SplitterHorizontalFrac>
		<SplitterVerticalFrac>0.25</SplitterVerticalFrac>
		<CloseButtonMinimizesWindow>true</CloseButtonMinimizesWindow>
		<EscAction>None</EscAction>
		<MinimizeAfterClipboardCopy>true</MinimizeAfterClipboardCopy>
		<MinimizeAfterAutoType>true</MinimizeAfterAutoType>
		<DisableSaveIfNotModified>true</DisableSaveIfNotModified>
		<ToolBar />
		<EntryView />
		<TanView />
		<EntryListColumnCollection>
			<Column>
				<Type>Title</Type>
				<Width>136</Width>
			</Column>
			<Column>
				<Type>UserName</Type>
				<Width>136</Width>
			</Column>
			<Column>
				<Type>Password</Type>
				<Width>136</Width>
				<HideWithAsterisks>true</HideWithAsterisks>
			</Column>
			<Column>
				<Type>Url</Type>
				<Width>136</Width>
			</Column>
			<Column>
				<Type>Notes</Type>
				<Width>136</Width>
			</Column>
		</EntryListColumnCollection>
		<EntryListColumnDisplayOrder>0 1 2 3 4</EntryListColumnDisplayOrder>
		<ListSorting>
			<Order>Ascending</Order>
		</ListSorting>
	</MainWindow>
	<UI>
		<TrayIcon />
		<Hiding />
		<StandardFont>
			<Family>Microsoft Sans Serif</Family>
			<Size>8</Size>
			<GraphicsUnit>Point</GraphicsUnit>
			<OverrideUIDefault>false</OverrideUIDefault>
		</StandardFont>
		<PasswordFont>
			<Family>Courier New</Family>
			<Size>8</Size>
			<GraphicsUnit>Point</GraphicsUnit>
			<OverrideUIDefault>false</OverrideUIDefault>
		</PasswordFont>
		<BannerStyle>WinVistaBlack</BannerStyle>
		<DataEditorFont>
			<Family>Microsoft Sans Serif</Family>
			<Size>8.25</Size>
			<GraphicsUnit>Point</GraphicsUnit>
			<OverrideUIDefault>false</OverrideUIDefault>
		</DataEditorFont>
		<UIFlags>0</UIFlags>
		<KeyCreationFlags>0</KeyCreationFlags>
		<KeyPromptFlags>0</KeyPromptFlags>
	</UI>
	<Security>
		<PreventScreenCapture>true</PreventScreenCapture>
		<WorkspaceLocking>
			<LockOnSessionSwitch>true</LockOnSessionSwitch>
			<LockOnSuspend>true</LockOnSuspend>
			<LockAfterTime>0</LockAfterTime>
			<LockAfterGlobalTime>0</LockAfterGlobalTime>
		</WorkspaceLocking>
		<Policy />
		<MasterPassword>
			<MinimumLength>0</MinimumLength>
			<MinimumQuality>0</MinimumQuality>
			<RememberWhileOpen>false</RememberWhileOpen>
		</MasterPassword>
		<MasterKeyOnSecureDesktop>true</MasterKeyOnSecureDesktop>
		<ClipboardClearAfterSeconds>15</ClipboardClearAfterSeconds>
	</Security>
	<Native />
	<PasswordGenerator>
		<AutoGeneratedPasswordsProfile>
			<GeneratorType>CharSet</GeneratorType>
			<Length>20</Length>
			<CharSetRanges>ULD_______</CharSetRanges>
		</AutoGeneratedPasswordsProfile>
		<LastUsedProfile>
			<GeneratorType>CharSet</GeneratorType>
			<Length>20</Length>
			<CharSetRanges>ULD_______</CharSetRanges>
		</LastUsedProfile>
		<UserProfiles />
	</PasswordGenerator>
	<Search>
		<LastUsedProfile>
			<SearchMode>Simple</SearchMode>
			<ComparisonMode>InvariantCultureIgnoreCase</ComparisonMode>
		</LastUsedProfile>
		<UserProfiles />
	</Search>
	<Defaults>
		<NewEntryExpiresInDays>90</NewEntryExpiresInDays>
		<OptionsTabIndex>5</OptionsTabIndex>
	</Defaults>
	<Integration>
		<UrlSchemeOverrides>
			<BuiltInOverridesEnabled>16777216</BuiltInOverridesEnabled>
			<CustomOverrides />
		</UrlSchemeOverrides>
		<AutoTypeMatchByUrlHostInTitle>true</AutoTypeMatchByUrlHostInTitle>
		<AutoTypeExpiredCanMatch>true</AutoTypeExpiredCanMatch>
		<AutoTypeCancelOnWindowChange>true</AutoTypeCancelOnWindowChange>
		<AutoTypeCancelOnTitleChange>true</AutoTypeCancelOnTitleChange>
		<AutoTypeAbortOnWindows />
	</Integration>
	<Custom>
		<Item>
			<Key>ColoredPassword.FirstRun</Key>
			<Value>true</Value>
		</Item>
		<Item>
			<Key>ColoredPassword.Active</Key>
			<Value>true</Value>
		</Item>
		<Item>
			<Key>ColoredPassword.ColorEntryView</Key>
			<Value>true</Value>
		</Item>
		<Item>
			<Key>ColoredPassword.ListViewKeepBackgroundColor</Key>
			<Value>true</Value>
		</Item>
		<Item>
			<Key>ColoredPassword.ForeColorDefault</Key>
			<Value>WindowText</Value>
		</Item>
		<Item>
			<Key>ColoredPassword.BackColorDefault</Key>
			<Value>Window</Value>
		</Item>
		<Item>
			<Key>ColoredPassword.ForeColorDigit</Key>
			<Value>Red</Value>
		</Item>
		<Item>
			<Key>ColoredPassword.BackColorDigit</Key>
			<Value>White</Value>
		</Item>
		<Item>
			<Key>ColoredPassword.ForeColorSpecial</Key>
			<Value>Green</Value>
		</Item>
		<Item>
			<Key>ColoredPassword.BackColorSpecial</Key>
			<Value>White</Value>
		</Item>
		<Item>
			<Key>ColoredPassword.LowercaseDifferent</Key>
			<Value>false</Value>
		</Item>
		<Item>
			<Key>ColoredPassword.ForeColorLower</Key>
			<Value>WindowText</Value>
		</Item>
		<Item>
			<Key>ColoredPassword.BackColorLower</Key>
			<Value>Window</Value>
		</Item>
		<Item>
			<Key>ColoredPassword.SinglePwDisplay</Key>
			<Value>true</Value>
		</Item>
		<Item>
			<Key>ColoredPassword.ColorPwGen</Key>
			<Value>true</Value>
		</Item>
		<Item>
			<Key>PasswordChangeReminder.PCRPasswordsFormHeight</Key>
			<Value>370</Value>
		</Item>
		<Item>
			<Key>AutoTypeSearchExt.DefaultAction</Key>
			<Value>PerformAutoType</Value>
		</Item>
		<Item>
			<Key>AutoTypeSearchExt.ShowHotKey</Key>
			<Value>None</Value>
		</Item>
		<Item>
			<Key>AutoTypeSearchExt.AlternativeAction</Key>
			<Value>EditEntry</Value>
		</Item>
	</Custom>
</Configuration>