<?xml version="1.0" encoding="utf-8"?>
<Configuration xmlns:xsd="http://www.w3.org/2001/XMLSchema" xmlns:xsi="http://www.w3.org/2001/XMLSchema-instance">
	<Meta>
		<PreferUserConfiguration>false</PreferUserConfiguration>
		<OmitItemsWithDefaultValues>true</OmitItemsWithDefaultValues>
		<DpiFactorX>1</DpiFactorX>
		<DpiFactorY>1</DpiFactorY>
	</Meta>
	<Application>
		<LastUpdateCheck>2022-10-27T15:58:34Z</LastUpdateCheck>
		<LastUsedFile>
			<Path />
			<CredProtMode>Obf</CredProtMode>
			<CredSaveMode>NoSave</CredSaveMode>
		</LastUsedFile>
		<MostRecentlyUsed>
			<MaxItemCount>0</MaxItemCount>
			<Items />
		</MostRecentlyUsed>
		<RememberWorkingDirectories>false</RememberWorkingDirectories>
		<WorkingDirectories />
		<Start>
			<OpenLastFile>false</OpenLastFile>
			<CheckForUpdate>true</CheckForUpdate>
			<CheckForUpdateConfigured>true</CheckForUpdateConfigured>
		</Start>
		<FileOpening />
		<FileTxExtra>true</FileTxExtra>
		<SaveForceSync>true</SaveForceSync>
		<FileClosing />
		<TriggerSystem>
			<Triggers />
		</TriggerSystem>
		<PluginCompatibility>
			<Item>@G6kxcbF44+II76m+qL5EuXRgl5E0yYDxJoNQ7lL60VA=@2.52.0.17694@1</Item>
			<Item>@QzwfSnZRni8QNOTsV1MmAc/ZA8YIfsGnW0eWliBEMeg=@2.52.0.17694@1</Item>
			<Item>@Xs56sYENbzsjzJddmTvAACazdsBdcynQKaq6tHBewg4=@2.52.0.17694@1</Item>
			<Item>@C+A/wD+Lur81s6tiKwy71ySaQpQqZI6DZMjrX8/w6GM=@2.52.0.17694@1</Item>
			<Item>@K6PL+SfJbZDk8jtIkiuUeE0K626rT5JO8y+wOKlRFTg=@2.52.0.17694@1</Item>
			<Item>@JH1SUZPf1eyET+N64i9lmDiflfelTRpo+NHq9dNPWYQ=@2.52.0.17694@1</Item>
			<Item>@4w5meFH12F3MRzb2GSCb/Ar/o7G7FpPHRjVR2b23grk=@2.52.0.17694@1</Item>
			<Item>@gx9klh861YCop/8s2Rp+tWUjcCyyxqKoddNSCs+9Y60=@2.52.0.17694@1</Item>
			<Item>@rv8gJk8uFHdNvMA/mQW1bF5fCILzBkF9sB7/ZYT+0Qc=@2.51.1.15884@1</Item>
			<Item>@5UhoKrJCijODWYyRYBGUD6LzSWnMW3y1a+5I2c54/4o=@2.51.1.15884@1</Item>
			<Item>@ctgXQ0IT7U0dGLKObpD6pPMziTVz7xGOI58NZGaiSIs=@2.51.1.15884@1</Item>
			<Item>@ZmqStxTDiNPLdqO1u+pgHSqFMVS7PxXnrFlp7Xs2bbk=@2.51.1.15884@1</Item>
			<Item>@z+gGI6JPGxLkNg/HtB9el1IZz0xQWmgobJozKWnxJGk=@2.51.1.15884@1</Item>
			<Item>@VGE8ami7IXD86ROiERgyRJCdSZNeTIrELrq6ciwzZFM=@2.51.1.15884@1</Item>
			<Item>@eUbmb4fTUDKtFbLoeM50sncILQQJuP5BF8VquHv9TpA=@2.51.1.15884@1</Item>
			<Item>@BXnldxIr3T1WB0f+cJxr2WBUO8A3dlnMK3L+k3FehmE=@2.51.1.15884@1</Item>
			<Item>@FQFvbYlmi9RxjDAHIJ5TziP3UWohbQSnzl372pGxkrE=@2.51.1.15884@1</Item>
			<Item>@HEoVo9WjVjRGFA+PpG/rSdJQCrp6v1Bq23oQJPqfj9I=@2.51.1.15884@1</Item>
			<Item>@l0Rpvu6Xj/FZFv0x/0EJcYaKNxG211CLn8VF0hRJ4VQ=@2.51.1.15884@1</Item>
			<Item>@w1lkyCZXqID9GIOmC8b0uqfqoOr+OahfSAcx9FEkSw8=@2.51.1.15884@1</Item>
			<Item>@gx9klh861YCop/8s2Rp+tWUjcCyyxqKoddNSCs+9Y60=@2.51.1.15884@1</Item>
		</PluginCompatibility>
	</Application>
	<Logging />
	<MainWindow>
		<X>856</X>
		<Y>315</Y>
		<Width>670</Width>
		<Height>525</Height>
		<Maximized>true</Maximized>
		<SplitterHorizontalFrac>0.8333</SplitterHorizontalFrac>
		<SplitterVerticalFrac>0.25</SplitterVerticalFrac>
		<CloseButtonMinimizesWindow>true</CloseButtonMinimizesWindow>
		<ToolBar />
		<EntryView />
		<TanView />
		<EntryListColumnCollection>
			<Column>
				<Type>Title</Type>
				<Width>90</Width>
			</Column>
			<Column>
				<Type>UserName</Type>
				<Width>90</Width>
			</Column>
			<Column>
				<Type>Password</Type>
				<Width>90</Width>
				<HideWithAsterisks>true</HideWithAsterisks>
			</Column>
			<Column>
				<Type>Url</Type>
				<Width>90</Width>
			</Column>
			<Column>
				<Type>Notes</Type>
				<Width>90</Width>
			</Column>
		</EntryListColumnCollection>
		<EntryListColumnDisplayOrder>0 1 2 3 4</EntryListColumnDisplayOrder>
		<ListSorting>
			<Order>Ascending</Order>
		</ListSorting>
	</MainWindow>
	<UI>
		<TrayIcon />
		<Hiding />
		<StandardFont>
			<Family>Microsoft Sans Serif</Family>
			<Size>8.25</Size>
			<GraphicsUnit>Point</GraphicsUnit>
			<OverrideUIDefault>false</OverrideUIDefault>
		</StandardFont>
		<PasswordFont>
			<Family>Courier New</Family>
			<Size>8.25</Size>
			<GraphicsUnit>Point</GraphicsUnit>
			<OverrideUIDefault>false</OverrideUIDefault>
		</PasswordFont>
		<BannerStyle>WinVistaBlack</BannerStyle>
		<DataEditorFont>
			<Family>Microsoft Sans Serif</Family>
			<Size>8.25</Size>
			<GraphicsUnit>Point</GraphicsUnit>
			<OverrideUIDefault>false</OverrideUIDefault>
		</DataEditorFont>
		<UIFlags>0</UIFlags>
		<KeyCreationFlags>0</KeyCreationFlags>
		<KeyPromptFlags>0</KeyPromptFlags>
	</UI>
	<Security>
		<WorkspaceLocking>
			<LockOnSessionSwitch>true</LockOnSessionSwitch>
			<LockOnSuspend>true</LockOnSuspend>
			<LockOnRemoteControlChange>true</LockOnRemoteControlChange>
			<LockAfterTime>0</LockAfterTime>
			<LockAfterGlobalTime>0</LockAfterGlobalTime>
			<AlwaysExitInsteadOfLocking>true</AlwaysExitInsteadOfLocking>
		</WorkspaceLocking>
		<Policy />
		<MasterPassword>
			<MinimumLength>0</MinimumLength>
			<MinimumQuality>0</MinimumQuality>
		</MasterPassword>
		<MasterKeyOnSecureDesktop>true</MasterKeyOnSecureDesktop>
	</Security>
	<Native />
	<PasswordGenerator>
		<AutoGeneratedPasswordsProfile>
			<GeneratorType>CharSet</GeneratorType>
			<Length>20</Length>
			<CharSetRanges>ULD_______</CharSetRanges>
		</AutoGeneratedPasswordsProfile>
		<LastUsedProfile>
			<GeneratorType>CharSet</GeneratorType>
			<Length>20</Length>
			<CharSetRanges>ULD_______</CharSetRanges>
		</LastUsedProfile>
		<UserProfiles />
	</PasswordGenerator>
	<Search>
		<LastUsedProfile>
			<Name>(Custom)</Name>
			<SearchMode>Simple</SearchMode>
			<ComparisonMode>InvariantCultureIgnoreCase</ComparisonMode>
		</LastUsedProfile>
		<UserProfiles />
	</Search>
	<Defaults>
		<NewEntryExpiresInDays>72</NewEntryExpiresInDays>
		<OptionsTabIndex>4</OptionsTabIndex>
		<RememberKeySources>false</RememberKeySources>
		<KeySources />
		<CustomColors>16777215 16777215 16777215 16777215 16777215 16777215 16777215 16777215 16777215 16777215 16777215 16777215 16777215 16777215 16777215 16777215</CustomColors>
	</Defaults>
	<Integration>
		<UrlSchemeOverrides>
			<BuiltInOverridesEnabled>16777216</BuiltInOverridesEnabled>
			<CustomOverrides />
		</UrlSchemeOverrides>
		<SearchKeyFiles>false</SearchKeyFiles>
		<AutoTypeMatchByTitle>false</AutoTypeMatchByTitle>
		<AutoTypeMatchByUrlInTitle>true</AutoTypeMatchByUrlInTitle>
		<AutoTypeMatchByUrlHostInTitle>true</AutoTypeMatchByUrlHostInTitle>
		<AutoTypeCancelOnWindowChange>true</AutoTypeCancelOnWindowChange>
		<AutoTypeCancelOnTitleChange>true</AutoTypeCancelOnTitleChange>
		<AutoTypeAbortOnWindows />
	</Integration>
	<Custom>
		<Item>
			<Key>OtpKeyProv_AutoAccept</Key>
			<Value>true</Value>
		</Item>
		<Item>
			<Key>OtpKeyProv_AutoTab</Key>
			<Value>true</Value>
		</Item>
		<Item>
			<Key>PPS.OpenUrlForPwChange</Key>
			<Value>false</Value>
		</Item>
		<Item>
			<Key>PasswordChangeReminder.PCRPasswordsFormHeight</Key>
			<Value>300</Value>
		</Item>
		<Item>
			<Key>PPS.OpenUrlForPwChange_Init</Key>
			<Value>true</Value>
		</Item>
		<Item>
			<Key>PasswordChangeReminder.CheckOnStartup</Key>
			<Value>false</Value>
		</Item>
		<Item>
			<Key>PasswordChangeReminder.PCRPasswordsFormGreatColor</Key>
			<Value>-7278960</Value>
		</Item>
		<Item>
			<Key>PasswordChangeReminder.PCRPasswordsFormTentativeColor</Key>
			<Value>-329006</Value>
		</Item>
		<Item>
			<Key>PasswordChangeReminder.PCRPasswordsFormCriticalColor</Key>
			<Value>-24454</Value>
		</Item>
		<Item>
			<Key>PasswordChangeReminder.PCRPasswordsFormDefaultColor</Key>
			<Value>-2894893</Value>
		</Item>
		<Item>
			<Key>PasswordChangeReminder.CheckOnStartupDays</Key>
			<Value>5</Value>
		</Item>
		<Item>
			<Key>PasswordChangeReminder.PCRPasswordsFormTentativeState</Key>
			<Value>10</Value>
		</Item>
		<Item>
			<Key>PasswordChangeReminder.PCRPasswordsFormCriticalState</Key>
			<Value>0</Value>
		</Item>
		<Item>
			<Key>AutoTypeSearchExt.ShowOnFailedAutoType</Key>
			<Value>True</Value>
		</Item>
		<Item>
			<Key>AutoTypeSearchExt.SearchNotes</Key>
			<Value>True</Value>
		</Item>
		<Item>
			<Key>AutoTypeSearchExt.SearchUserName</Key>
			<Value>False</Value>
		</Item>
		<Item>
			<Key>AutoTypeSearchExt.SearchUrl</Key>
			<Value>True</Value>
		</Item>
		<Item>
			<Key>AutoTypeSearchExt.ShowOnHotKey</Key>
			<Value>True</Value>
		</Item>
		<Item>
			<Key>AutoTypeSearchExt.ExcludeExpired</Key>
			<Value>False</Value>
		</Item>
		<Item>
			<Key>AutoTypeSearchExt.SearchTitle</Key>
			<Value>True</Value>
		</Item>
		<Item>
			<Key>AutoTypeSearchExt.SearchCustomFields</Key>
			<Value>True</Value>
		</Item>
		<Item>
			<Key>AutoTypeSearchExt.CaseSensitive</Key>
			<Value>False</Value>
		</Item>
		<Item>
			<Key>AutoTypeSearchExt.DefaultAction</Key>
			<Value>PerformAutoType</Value>
		</Item>
		<Item>
			<Key>AutoTypeSearchExt.SearchTags</Key>
			<Value>True</Value>
		</Item>
		<Item>
			<Key>AutoTypeSearchExt.ShowHotKey</Key>
			<Value>Ctrl+Alt+Shift+F</Value>
		</Item>
		<Item>
			<Key>AutoTypeSearchExt.AlternativeAction</Key>
			<Value>EditEntry</Value>
		</Item>
		<Item>
			<Key>AutoTypeSearchExt.ShowOnIPC</Key>
			<Value>True</Value>
		</Item>
		<Item>
			<Key>AutoTypeSearchExt.WindowPosition</Key>
			<Value>0, 0, 0, 0</Value>
		</Item>
		<Item>
			<Key>AutoTypeSearchExt.ResolveReferences</Key>
			<Value>False</Value>
		</Item>
		<Item>
			<Key>ColoredPassword.FirstRun</Key>
			<Value>true</Value>
		</Item>
		<Item>
			<Key>ColoredPassword.Active</Key>
			<Value>true</Value>
		</Item>
		<Item>
			<Key>ColoredPassword.ColorEntryView</Key>
			<Value>true</Value>
		</Item>
		<Item>
			<Key>ColoredPassword.ListViewKeepBackgroundColor</Key>
			<Value>true</Value>
		</Item>
		<Item>
			<Key>ColoredPassword.ForeColorDefault</Key>
			<Value>WindowText</Value>
		</Item>
		<Item>
			<Key>ColoredPassword.BackColorDefault</Key>
			<Value>Window</Value>
		</Item>
		<Item>
			<Key>ColoredPassword.ForeColorDigit</Key>
			<Value>Red</Value>
		</Item>
		<Item>
			<Key>ColoredPassword.BackColorDigit</Key>
			<Value>White</Value>
		</Item>
		<Item>
			<Key>ColoredPassword.ForeColorSpecial</Key>
			<Value>Green</Value>
		</Item>
		<Item>
			<Key>ColoredPassword.BackColorSpecial</Key>
			<Value>White</Value>
		</Item>
		<Item>
			<Key>ColoredPassword.LowercaseDifferent</Key>
			<Value>false</Value>
		</Item>
		<Item>
			<Key>ColoredPassword.ForeColorLower</Key>
			<Value>WindowText</Value>
		</Item>
		<Item>
			<Key>ColoredPassword.BackColorLower</Key>
			<Value>Window</Value>
		</Item>
		<Item>
			<Key>ColoredPassword.SinglePwDisplay</Key>
			<Value>true</Value>
		</Item>
		<Item>
			<Key>ColoredPassword.ColorPwGen</Key>
			<Value>true</Value>
		</Item>
	</Custom>
</Configuration>